{
 "feature_names": [
  "path_frac",
  "prim_frac",
  "has_arc",
  "curve_frac",
  "axis_frac",
  "cmds_per_path",
  "n_paths",
  "frac_tiny_chords",
  "chord_cv",
  "mean_turn",
  "frac_small_turn",
  "mean_decimals",
  "frac_lowprec",
  "distinct_fills",
  "has_stroke",
  "has_gradient",
  "has_editor_ns",
  "has_defs_use",
  "has_text",
  "has_named_id"
 ],
 "w": [
  -1.6422347587205324,
  -1.8381417212013946,
  -0.1602227029452771,
  0.23384561336598808,
  -0.49520779345786914,
  -0.2222665305170625,
  -0.1674232724867465,
  -0.26800248201961224,
  0.2526269880283446,
  -0.4437212001955796,
  1.8545398458419526,
  0.6916750764121518,
  1.9028518152315694,
  1.676208604035186,
  -0.9960628554827528,
  0.0,
  0.0,
  -0.29364894964200716,
  0.0,
  -0.9143502026130652
 ],
 "b": 2.7500058877607367,
 "mu": [
  0.9188290344109672,
  0.022758267176334404,
  0.21142857142857144,
  0.6398503929502996,
  0.2975393296335834,
  32.51248422194519,
  4.612380952380953,
  0.09368756134489468,
  1.5110032690994335,
  0.7430178872710492,
  0.2942885489381553,
  3.030795360970473,
  0.5220444532517248,
  2.5104761904761905,
  0.02761904761904762,
  0.0,
  0.0,
  0.009523809523809525,
  0.0,
  0.037142857142857144
 ],
 "sd": [
  0.2559497361897087,
  0.1172055418546918,
  0.40832160194171196,
  0.31886066803657864,
  0.3319448442138047,
  31.088861236926032,
  6.870865963833836,
  0.08053210959400653,
  0.7411909202997072,
  0.41875494440900946,
  0.24522268086109622,
  4.000422108017241,
  0.4150183122877286,
  4.531202380311197,
  0.16387872292541159,
  1.0,
  1.0,
  0.09712418121129139,
  1.0,
  0.1891117799242652
 ],
 "threshold_1pct": 0.39554568253806655,
 "auc": 0.9719753086419752,
 "trained_with_svgo": true
}